Group, One coupon average, one coupon percent, 2+ coupons average, 2+ coupons percent
Produce bought, 18.37964152092592, 37.31582356597721, 31.83934648581997, 52.16422764884605
Other bought, 30.874641955973143, 62.68417643402279, 29.19739827373615, 47.83577235115394
Total bought, 49.25428347689906, 100.0, 61.03674475955612, 100.0
